wilders.csv:Agathe,Bazin,Toulouse,France,2017,JavaScript
wilders.csv:Maurice,Munoz,Toulouse,France,2017,JavaScript
wilders.csv:Michèle,Traore,Toulouse,France,2017,JavaScript
wilders.csv:Aurélie,Becker,Toulouse,France,2018,JavaScript
wilders.csv:Timothée,Henry,Toulouse,France,2018,JavaScript
wilders.csv:Théodore,Gerard,Toulouse,France,2018,JavaScript
wilders.csv:Maryse,Allain,Toulouse,France,2018,JavaScript
wilders.csv:Philippe,Paris,Toulouse,France,2018,JavaScript
wilders.csv:Henri,Guilbert,Toulouse,France,2018,JavaScript
wilders.csv:Olivier,Dufour,Toulouse,France,2018,JavaScript
wilders.csv:Alexandre,"Da Silva",Toulouse,France,2019,JavaScript
wilders.csv:Mathilde,Descamps,Toulouse,France,2019,JavaScript
wilders.csv:Céline,Fabre,Toulouse,France,2019,JavaScript
wilders.csv:Raymond,Bouvet,Toulouse,France,2019,JavaScript
wilders.csv:Danielle,Lecomte,Toulouse,France,2019,JavaScript
wilders.csv:Noël,Noel,Toulouse,France,2019,JavaScript
wilders.csv:Danielle,Perrin,Toulouse,France,2019,JavaScript
wilders.csv:Éric,Meunier,Toulouse,France,2019,JavaScript
wilders.csv:Claude,Samson,Toulouse,France,2019,JavaScript
wilders.csv:Emmanuelle,Mercier,Biarritz,France,2017,JavaScript
wilders.csv:Thierry,Alexandre,Biarritz,France,2017,JavaScript
wilders.csv:Édith,Turpin,Biarritz,France,2017,JavaScript
wilders.csv:Chantal,Caron,Biarritz,France,2017,JavaScript
wilders.csv:Pénélope,Paris,Biarritz,France,2017,JavaScript
wilders.csv:Christelle,Vallet,Biarritz,France,2017,JavaScript
wilders.csv:Daniel,Roy,Biarritz,France,2017,JavaScript
wilders.csv:Théodore,Regnier,Biarritz,France,2018,JavaScript
wilders.csv:Benjamin,Tanguy,Biarritz,France,2018,JavaScript
wilders.csv:Arthur,Bruneau,Biarritz,France,2018,JavaScript
wilders.csv:Sébastien,Ferreira,Biarritz,France,2018,JavaScript
wilders.csv:Charlotte,Roche,Biarritz,France,2018,JavaScript
wilders.csv:Colette,Bouvier,Biarritz,France,2018,JavaScript
wilders.csv:Alfred,"Da Silva",Biarritz,France,2018,JavaScript
wilders.csv:Vincent,Sanchez,Biarritz,France,2019,JavaScript
wilders.csv:Yves,Marie,Biarritz,France,2019,JavaScript
wilders.csv:Alphonse,Leleu,Biarritz,France,2019,JavaScript
wilders.csv:Laurence,Lemaire,Biarritz,France,2019,JavaScript
wilders.csv:Marcel,Olivier,Biarritz,France,2019,JavaScript
wilders.csv:Victor,Lopez,Biarritz,France,2019,JavaScript
wilders.csv:Michel,David,Biarritz,France,2019,JavaScript
wilders.csv:Théodore,Bousquet,Biarritz,France,2019,JavaScript
wilders.csv:Andrée,Berthelot,Biarritz,France,2019,JavaScript
wilders.csv:Léon,Jacquet,Biarritz,France,2019,JavaScript
wilders.csv:Laetitia,Schneider,Biarritz,France,2019,JavaScript
wilders.csv:Thérèse,Guyot,Biarritz,France,2019,JavaScript
